"id_public","name","variety","species","gender","birthDate","generationsBack"
"CTC345","MM Primadonna","","Fancy Mouse","Female","2025-10-18T00:00:00.000Z","11"
"CTC354","MM Sunny","","Fancy Mouse","Female","2025-10-30T00:00:00.000Z","11"
"CTC6258","CWR Carmino ????????","","Fancy Mouse","Male","2026-04-10T00:00:00.000Z","12"
"CTC2700","CWR Favilla ????????","","Fancy Mouse","Female","2026-01-17T00:00:00.000Z","12"
"CTC6259","CWR Flamb?? ????????","","Fancy Mouse","Female","2026-04-10T00:00:00.000Z","12"
"CTC2618","CWR Melano ????????","","Fancy Mouse","Male","2026-02-07T00:00:00.000Z","12"
"CTC6260","CWR Orangina ????????","","Fancy Mouse","Female","2026-04-10T00:00:00.000Z","12"
"CTC4526","DM Emberly","","Fancy Mouse","Female","2026-04-07T00:00:00.000Z","12"
"CTC6636","DM Merida","","Fancy Mouse","Female","2026-04-05T00:00:00.000Z","12"
"CTC4523","DM Perdita 3.0","","Fancy Mouse","Female","2026-04-07T00:00:00.000Z","12"
"CTC4521","DM Simba","","Fancy Mouse","Male","2026-04-07T00:00:00.000Z","12"
"CTC5545","MM Darcy","","Fancy Mouse","Female","2026-05-02T00:00:00.000Z","12"
"CTC5541","MM Demi","","Fancy Mouse","Female","2026-05-02T00:00:00.000Z","12"
"CTC5539","MM Dulcie","","Fancy Mouse","Female","2026-05-02T00:00:00.000Z","12"
"CTC1961","MM Savvy","","Fancy Mouse","Female","2026-02-16T00:00:00.000Z","12"
"CTC1966","MM Tipsy","","Fancy Mouse","Female","2026-02-16T00:00:00.000Z","12"
"CTC2649","MM Ukichi","","Fancy Mouse","Male","2026-03-06T00:00:00.000Z","12"
"CTC2651","MM Umber","","Fancy Mouse","Female","2026-03-06T00:00:00.000Z","12"
"CTC2646","MM Umbrix","","Fancy Mouse","Male","2026-03-06T00:00:00.000Z","12"
"CTC2652","MM Uvana","","Fancy Mouse","Female","2026-03-06T00:00:00.000Z","12"
"CTC2664","MM Valkyrie","","Fancy Mouse","Female","2026-03-11T00:00:00.000Z","12"
"CTC7466","MM Xella","","Fancy Mouse","Female","2026-08-04T00:00:00.000Z","12"
"CTC7463","MM Xito","","Fancy Mouse","Male","2026-08-04T00:00:00.000Z","12"
"CTC5469","MM Yuzu","","Fancy Mouse","Female","2026-04-15T00:00:00.000Z","12"
"CTC7726","MM Yvie","","Fancy Mouse","Female","2026-08-06T00:00:00.000Z","12"
"CTC5557","MM Echo","","Fancy Mouse","Male","2026-05-02T00:00:00.000Z","13"
"CTC5552","MM Eika","","Fancy Mouse","Female","2026-05-02T00:00:00.000Z","13"
"CTC6169","MM Harmony","","Fancy Mouse","Female","2026-05-06T00:00:00.000Z","13"
"CTC6194","MM Mira","","Fancy Mouse","Female","2026-05-18T00:00:00.000Z","13"
"CTC6189","MM Mochi","","Fancy Mouse","Male","2026-05-18T00:00:00.000Z","13"
"CTC7169","MM Olivra","","Fancy Mouse","Female","2026-06-25T00:00:00.000Z","13"
"CTC7168","MM Orabella","","Fancy Mouse","Female","2026-06-25T00:00:00.000Z","13"
"CTC7170","MM Ovidia","","Fancy Mouse","Female","2026-06-25T00:00:00.000Z","13"
"CTC7176","MM Quirina","","Fancy Mouse","Female","2026-06-29T00:00:00.000Z","13"
"CTC7175","MM Quivara","","Fancy Mouse","Female","2026-06-29T00:00:00.000Z","13"
"CTC7281","MM Raffia","","Fancy Mouse","Female","2026-07-22T00:00:00.000Z","13"
"CTC7284","MM Raida","","Fancy Mouse","Female","2026-07-22T00:00:00.000Z","13"
"CTC7282","MM Rakkia","","Fancy Mouse","Female","2026-07-22T00:00:00.000Z","13"
"CTC7287","MM Reena","","Fancy Mouse","Female","2026-07-22T00:00:00.000Z","13"
"CTC7303","MM Ubreena","","Fancy Mouse","Female","2026-07-23T00:00:00.000Z","13"
"CTC7305","MM Utina","","Fancy Mouse","Female","2026-07-23T00:00:00.000Z","13"
"CTC7297","MM Valora","","Fancy Mouse","Female","2026-07-23T00:00:00.000Z","13"
"CTC7316","MM Wizkit","","Fancy Mouse","Female","2026-07-24T00:00:00.000Z","13"
"CTC7309","MM Wonka","","Fancy Mouse","Female","2026-07-24T00:00:00.000Z","13"
"CTC7313","MM Woolly","","Fancy Mouse","Female","2026-07-24T00:00:00.000Z","13"
"CTC7467","MM Zabou","","Fancy Mouse","Male","2026-08-07T00:00:00.000Z","13"
"CTC7469","MM Zeta","","Fancy Mouse","Female","2026-08-07T00:00:00.000Z","13"
"CTC7468","MM Zhara","","Fancy Mouse","Female","2026-08-07T00:00:00.000Z","13"
"CTC7655","Blueberry???s Yenna ????????","","Fancy Mouse","Female","2026-08-06T00:00:00.000Z","14"
"CTC7657","Blueberry???s Yewel ????????","","Fancy Mouse","Female","2026-08-06T00:00:00.000Z","14"
"CTC7649","Fabulous Cowboy","","Fancy Mouse","Male","2026-04-24T00:00:00.000Z","14"
"CTC7650","Fancy Cowgirl","","Fancy Mouse","Female","2026-04-24T00:00:00.000Z","14"
"CTC7651","Foolish Calamity","","Fancy Mouse","Female","2026-04-24T00:00:00.000Z","14"
"CTC7658","Karma","","Fancy Mouse","Female","2026-08-05T00:00:00.000Z","14"
"CTC7659","Kirlian","","Fancy Mouse","Male","2026-08-05T00:00:00.000Z","14"
"CTC2728","MF Azalia","","Fancy Mouse","Female","2026-02-09T00:00:00.000Z","14"
"CTC5484","MM Ayla","","Fancy Mouse","Female","2026-05-01T00:00:00.000Z","14"
"CTC6229","SLM's Fantastic","","Fancy Mouse","Male","2026-03-31T00:00:00.000Z","14"
"CTC7599","Blueberry's Wicca ????????","","Fancy Mouse","Female","2026-06-11T00:00:00.000Z","15"
"CTC7598","Blueberry's Witch ????????","","Fancy Mouse","Female","2026-06-11T00:00:00.000Z","15"
"CTC6178","MM Jasmine","","Fancy Mouse","Female","2026-05-11T00:00:00.000Z","15"
"CTC6177","MM Josie","","Fancy Mouse","Female","2026-05-11T00:00:00.000Z","15"
"CTC6181","MM Juno","","Fancy Mouse","Female","2026-05-11T00:00:00.000Z","15"
"CTC7171","MM Porscha","","Fancy Mouse","Female","2026-06-27T00:00:00.000Z","15"
"CTC6430","NBZH Link ????????","","Fancy Mouse","Male","2026-06-10T00:00:00.000Z","15"
"CTC7685","Xandra","","Fancy Mouse","Female","2026-07-16T00:00:00.000Z","16"
"CTC7684","Xenia","","Fancy Mouse","Female","2026-07-16T00:00:00.000Z","16"
